Date,Open,High,Low,Close,Adj Close,Volume
2019-01-02,1470.369995,1478.449951,1448.640015,1473.660034,1473.660034,0
2019-01-03,1473.069946,1473.069946,1436.810059,1438.760010,1438.760010,0
2019-01-04,1440.420044,1492.069946,1440.420044,1488.530029,1488.530029,0
2019-01-07,1489.420044,1510.689941,1486.170044,1501.329956,1501.329956,0
2019-01-08,1505.130005,1518.699951,1500.469971,1517.140015,1517.140015,0
2019-01-09,1517.819946,1529.660034,1515.170044,1524.619995,1524.619995,0
2019-01-10,1522.880005,1532.310059,1511.319946,1531.829956,1531.829956,0
2019-01-11,1530.189941,1531.880005,1521.199951,1531.880005,1531.880005,0
2019-01-14,1531.000000,1531.000000,1517.280029,1523.010010,1523.010010,0
2019-01-15,1523.349976,1539.790039,1523.349976,1538.770020,1538.770020,0
2019-01-16,null,null,null,null,null,null
2019-01-17,1542.739990,1560.619995,1537.780029,1555.349976,1555.349976,0
2019-01-18,1555.900024,1578.140015,1555.900024,1575.359985,1575.359985,0
2019-01-22,1573.829956,1573.829956,1544.060059,1552.670044,1552.670044,0
2019-01-23,1553.859985,1564.300049,1540.619995,1555.099976,1555.099976,0
2019-01-24,1555.739990,1560.969971,1550.199951,1558.880005,1558.880005,0
2019-01-25,1560.280029,1576.589966,1560.280029,1573.310059,1573.310059,0
2019-01-28,null,null,null,null,null,null
2019-01-29,1561.949951,1565.709961,1555.069946,1559.729980,1559.729980,0
2019-01-30,1563.800049,1588.300049,1563.619995,1583.040039,1583.040039,0
2019-01-31,1582.680054,1599.119995,1580.859985,1596.540039,1596.540039,0
2019-02-01,1596.569946,1603.800049,1593.310059,1599.069946,1599.069946,0
2019-02-04,1599.010010,1610.520020,1595.030029,1610.510010,1610.510010,0
2019-02-05,1610.939941,1618.579956,1610.010010,1617.800049,1617.800049,0
2019-02-06,1617.069946,1618.199951,1609.670044,1614.280029,1614.280029,0
2019-02-07,1613.099976,1613.099976,1588.719971,1599.969971,1599.969971,0
2019-02-08,1596.959961,1601.199951,1586.310059,1601.140015,1601.140015,0
2019-02-11,1601.650024,1607.170044,1600.069946,1603.699951,1603.699951,0
2019-02-12,1604.079956,1625.839966,1604.079956,1624.199951,1624.199951,0
2019-02-13,1625.000000,1633.420044,1625.000000,1629.010010,1629.010010,0
2019-02-14,1628.150024,1632.310059,1616.939941,1625.479980,1625.479980,0
2019-02-15,1627.709961,1643.500000,1627.709961,1643.449951,1643.449951,0
2019-02-19,1643.160034,1650.459961,1639.030029,1646.109985,1646.109985,0
2019-02-20,1645.890015,1651.599976,1643.260010,1649.109985,1649.109985,0
2019-02-21,1648.300049,1648.300049,1637.410034,1643.229980,1643.229980,0
2019-02-22,1643.949951,1655.069946,1643.949951,1654.540039,1654.540039,0
2019-02-25,1656.410034,1666.930054,1655.930054,1656.439941,1656.439941,0
2019-02-26,null,null,null,null,null,null
2019-02-27,1652.979980,1655.770020,1644.050049,1654.160034,1654.160034,0
2019-02-28,1653.380005,1654.849976,1648.339966,1649.219971,1649.219971,0
2019-03-01,1650.189941,1662.719971,1650.189941,1660.609985,1660.609985,0
2019-03-04,null,null,null,null,null,null
2019-03-05,1653.060059,1654.170044,1646.569946,1650.260010,1650.260010,0
2019-03-06,null,null,null,null,null,null
2019-03-07,1637.109985,1637.109985,1618.819946,1624.060059,1624.060059,0
2019-03-08,1623.339966,1623.339966,1609.140015,1620.699951,1620.699951,0
2019-03-11,1621.900024,1644.959961,1621.900024,1644.869995,1644.869995,0
2019-03-12,1645.510010,1653.500000,1645.510010,1649.469971,1649.469971,0
2019-03-13,1650.699951,1666.180054,1650.699951,1660.250000,1660.250000,0
2019-03-14,1660.959961,1661.869995,1655.780029,1658.359985,1658.359985,0
2019-03-15,1659.859985,1671.180054,1659.859985,1665.839966,1665.839966,0
2019-03-18,1666.569946,1674.439941,1665.660034,1672.589966,1672.589966,0
2019-03-19,1673.349976,1682.630005,1666.219971,1671.180054,1671.180054,0
2019-03-20,1670.760010,1677.239990,1658.229980,1665.250000,1665.250000,0
2019-03-21,null,null,null,null,null,null
2019-03-22,1683.479980,1683.479980,1648.949951,1649.050049,1649.050049,0
2019-03-25,null,null,null,null,null,null
2019-03-26,1650.170044,1667.209961,1650.170044,1660.599976,1660.599976,0
2019-03-27,null,null,null,null,null,null
2019-03-28,1653.630005,1662.109985,1649.609985,1660.030029,1660.030029,0
2019-03-29,null,null,null,null,null,null
2019-04-01,1672.709961,1691.250000,1672.709961,1690.180054,1690.180054,0
2019-04-02,1690.380005,1691.239990,1684.510010,1689.890015,1689.890015,0
2019-04-03,1693.109985,1701.180054,1689.589966,1694.329956,1694.329956,0
2019-04-04,1694.329956,1698.609985,1689.839966,1697.430054,1697.430054,0
2019-04-05,1697.849976,1706.469971,1697.849976,1706.280029,1706.280029,0
2019-04-08,1705.729980,1707.709961,1698.660034,1707.670044,1707.670044,0
2019-04-09,null,null,null,null,null,null
2019-04-10,1696.729980,1704.880005,1696.729980,1704.270020,1704.270020,0
2019-04-11,null,null,null,null,null,null
2019-04-12,1705.819946,1716.969971,1705.819946,1715.420044,1715.420044,0
2019-04-15,1715.410034,1716.640015,1708.890015,1713.869995,1713.869995,0
2019-04-16,1714.650024,1719.750000,1711.079956,1714.660034,1714.660034,0
2019-04-17,null,null,null,null,null,null
2019-04-18,1708.819946,1712.609985,1702.819946,1710.969971,1710.969971,0
2019-04-22,1710.420044,1712.689941,1706.010010,1711.869995,1711.869995,0
2019-04-23,1712.030029,1729.719971,1712.030029,1728.430054,1728.430054,0
2019-04-24,1728.380005,1731.130005,1724.680054,1725.520020,1725.520020,0
2019-04-25,null,null,null,null,null,null
2019-04-26,1723.280029,1732.430054,1719.099976,1732.430054,1732.430054,0
2019-04-29,1732.339966,1738.560059,1732.339966,1734.709961,1734.709961,0
2019-04-30,null,null,null,null,null,null
2019-05-01,1738.589966,1740.030029,1722.130005,1722.229980,1722.229980,0
2019-05-02,1722.069946,1727.449951,1708.739990,1719.630005,1719.630005,0
2019-05-03,1720.719971,1738.369995,1720.719971,1737.949951,1737.949951,0
2019-05-06,1735.459961,1735.459961,1713.270020,1731.209961,1731.209961,0
2019-05-07,1729.369995,1729.369995,1689.560059,1701.829956,1701.829956,0
2019-05-08,1701.589966,1709.410034,1696.020020,1698.729980,1698.729980,0
2019-05-09,1698.430054,1698.430054,1673.040039,1693.880005,1693.880005,0
2019-05-10,1693.880005,1705.089966,1667.630005,1699.780029,1699.780029,0
2019-05-13,1699.760010,1699.760010,1651.209961,1656.760010,1656.760010,0
2019-05-14,null,null,null,null,null,null
2019-05-15,1671.040039,1684.959961,1660.170044,1680.910034,1680.910034,0
2019-05-16,1680.910034,1704.760010,1680.910034,1695.599976,1695.599976,0
2019-05-17,1694.900024,1699.910034,1682.290039,1683.930054,1683.930054,0
2019-05-20,1678.310059,1679.630005,1667.150024,1672.089966,1672.089966,0
2019-05-21,null,null,null,null,null,null
2019-05-22,1685.729980,1686.239990,1678.589966,1681.550049,1681.550049,0
2019-05-23,1674.369995,1674.369995,1650.589966,1659.900024,1659.900024,0
2019-05-24,1663.589966,1671.489990,1659.520020,1663.359985,1663.359985,0
2019-05-28,1664.250000,1671.689941,1649.500000,1649.750000,1649.750000,0
2019-05-29,1649.599976,1649.599976,1628.250000,1638.060059,1638.060059,0
2019-05-30,1639.260010,1647.599976,1633.770020,1640.689941,1640.689941,0
2019-05-31,1635.949951,1635.949951,1618.069946,1619.719971,1619.719971,0
2019-06-03,1620.020020,1626.689941,1607.219971,1616.079956,1616.079956,0
2019-06-04,null,null,null,null,null,null
2019-06-05,1655.219971,1664.579956,1649.069946,1664.119995,1664.119995,0
2019-06-06,1664.859985,1671.760010,1660.839966,1670.170044,1670.170044,0
2019-06-07,1674.459961,1695.869995,1674.459961,1689.430054,1689.430054,0
2019-06-10,1690.420044,1708.760010,1690.420044,1697.869995,1697.869995,0
2019-06-11,1698.040039,1711.569946,1692.290039,1696.609985,1696.609985,0
2019-06-12,1696.479980,1697.890015,1690.280029,1693.520020,1693.520020,0
2019-06-13,1693.540039,1702.650024,1693.540039,1701.400024,1701.400024,0
2019-06-14,null,null,null,null,null,null
2019-06-17,1697.250000,1703.890015,1697.250000,1699.550049,1699.550049,0
2019-06-18,1699.599976,1724.459961,1699.599976,1716.469971,1716.469971,0
2019-06-19,1717.280029,1724.790039,1713.630005,1722.069946,1722.069946,0
2019-06-20,1727.469971,1739.430054,1724.819946,1737.390015,1737.390015,0
2019-06-21,1736.920044,1741.189941,1731.280029,1733.449951,1733.449951,0
2019-06-24,1734.040039,1735.619995,1727.560059,1728.079956,1728.079956,0
2019-06-25,1728.500000,1728.829956,1711.500000,1712.109985,1712.109985,0
2019-06-26,1714.219971,1721.339966,1711.819946,1713.660034,1713.660034,0
2019-06-27,null,null,null,null,null,null
2019-06-28,1720.829956,1732.069946,1720.829956,1730.900024,1730.900024,0
2019-07-01,null,null,null,null,null,null
2019-07-02,1743.530029,1747.170044,1738.369995,1747.089966,1747.089966,0
2019-07-03,1748.000000,1760.760010,1748.000000,1760.760010,1760.760010,0
2019-07-05,1760.010010,1760.119995,1744.699951,1758.530029,1758.530029,0
2019-07-08,1756.599976,1756.599976,1745.900024,1749.050049,1749.050049,0
2019-07-09,1747.439941,1753.030029,1742.500000,1752.000000,1752.000000,0
2019-07-10,1753.520020,1765.079956,1753.520020,1759.130005,1759.130005,0
2019-07-11,1759.410034,1763.859985,1755.500000,1761.920044,1761.920044,0
2019-07-12,1762.579956,1771.010010,1762.579956,1770.800049,1770.800049,0
2019-07-15,1771.449951,1773.250000,1767.239990,1770.420044,1770.420044,0
2019-07-16,null,null,null,null,null,null
2019-07-17,1765.119995,1765.400024,1753.920044,1754.000000,1754.000000,0
2019-07-18,1753.619995,1762.030029,1747.750000,1760.160034,1760.160034,0
2019-07-19,1762.810059,1766.390015,1749.250000,1749.489990,1749.489990,0
2019-07-22,1751.719971,1756.839966,1749.650024,1753.660034,1753.660034,0
2019-07-23,1755.310059,1765.709961,1755.310059,1765.609985,1765.609985,0
2019-07-24,1764.959961,1776.430054,1761.099976,1776.430054,1776.430054,0
2019-07-25,1776.219971,1776.219971,1762.709961,1765.569946,1765.569946,0
2019-07-26,1765.339966,1780.810059,1765.339966,1779.479980,1779.479980,0
2019-07-29,1779.579956,1779.579956,1771.050049,1775.280029,1775.280029,0
2019-07-30,1774.099976,1774.810059,1763.939941,1773.040039,1773.040039,0
2019-07-31,1772.969971,1776.420044,1742.729980,1754.650024,1754.650024,0
2019-08-01,1754.359985,1773.099976,1732.810059,1737.489990,1737.489990,0
2019-08-02,1737.359985,1737.359985,1712.699951,1723.310059,1723.310059,0
2019-08-05,1721.640015,1721.640015,1658.199951,1671.770020,1671.770020,0
2019-08-06,1672.199951,1694.689941,1672.199951,1693.359985,1693.359985,0
2019-08-07,1692.920044,1699.569946,1662.030029,1695.099976,1695.099976,0
2019-08-08,1696.479980,1728.109985,1696.479980,1727.680054,1727.680054,0
2019-08-09,1726.420044,1726.420044,1705.469971,1714.969971,1714.969971,0
2019-08-12,1714.609985,1714.609985,1694.510010,1694.510010,1694.510010,0
2019-08-13,null,null,null,null,null,null
2019-08-14,1716.859985,1716.859985,1667.189941,1667.579956,1667.579956,0
2019-08-15,1667.689941,1675.819946,1658.660034,1670.520020,1670.520020,0
2019-08-16,1671.339966,1698.530029,1671.339966,1695.920044,1695.920044,0
2019-08-19,1698.949951,1719.859985,1698.949951,1715.459961,1715.459961,0
2019-08-20,1715.359985,1715.359985,1702.010010,1702.469971,1702.469971,0
2019-08-21,1703.010010,1718.900024,1703.010010,1716.560059,1716.560059,0
2019-08-22,1717.030029,1724.589966,1705.250000,1715.410034,1715.410034,0
2019-08-23,1714.290039,1717.430054,1664.439941,1670.739990,1670.739990,0
2019-08-26,1671.560059,1688.920044,1671.560059,1688.439941,1688.439941,0
2019-08-27,1690.969971,1700.010010,1676.670044,1681.170044,1681.170044,0
2019-08-28,1681.119995,1693.650024,1672.619995,1692.369995,1692.369995,0
2019-08-29,1697.050049,1717.709961,1697.050049,1714.430054,1714.430054,0
2019-08-30,1716.290039,1723.349976,1707.400024,1715.239990,1715.239990,0
2019-09-03,1714.479980,1714.479980,1695.189941,1701.979980,1701.979980,0
2019-09-04,1704.119995,1720.589966,1704.119995,1720.119995,1720.119995,0
2019-09-05,1724.390015,1748.400024,1724.390015,1742.900024,1742.900024,0
2019-09-06,1743.560059,1748.060059,1741.150024,1743.609985,1743.609985,0
2019-09-09,1745.219971,1749.119995,1738.510010,1744.380005,1744.380005,0
2019-09-10,1743.500000,1743.839966,1731.839966,1741.910034,1741.910034,0
2019-09-11,1746.449951,1761.069946,1744.489990,1761.060059,1761.060059,0
2019-09-12,1761.160034,1771.339966,1759.900024,1765.319946,1765.319946,0
2019-09-13,1765.790039,1770.319946,1761.550049,1763.900024,1763.900024,0
2019-09-16,1760.479980,1762.469971,1755.109985,1760.699951,1760.699951,0
2019-09-17,1760.369995,1764.729980,1757.689941,1764.500000,1764.500000,0
2019-09-18,1763.290039,1764.219971,1747.760010,1763.780029,1763.780029,0
2019-09-19,1764.790039,1773.099976,1761.400024,1763.280029,1763.280029,0
2019-09-20,1763.359985,1768.599976,1751.229980,1755.310059,1755.310059,0
2019-09-23,1753.319946,1758.719971,1749.209961,1755.209961,1755.209961,0
2019-09-24,1757.520020,1763.900024,1733.939941,1738.680054,1738.680054,0
2019-09-25,1738.770020,1752.969971,1731.500000,1750.189941,1750.189941,0
2019-09-26,1750.530029,1750.530029,1737.050049,1744.530029,1744.530029,0
2019-09-27,1745.500000,1749.510010,1725.089966,1734.000000,1734.000000,0
2019-09-30,1736.119995,1746.640015,1736.119995,1742.699951,1742.699951,0
2019-10-01,1743.140015,1752.160034,1719.329956,1720.119995,1720.119995,0
2019-10-02,1719.959961,1719.959961,1683.280029,1691.050049,1691.050049,0
2019-10-03,1689.969971,1704.709961,1672.609985,1704.489990,1704.489990,0
2019-10-04,1706.030029,1728.599976,1706.030029,1727.869995,1727.869995,0
2019-10-07,1726.310059,1732.449951,1718.689941,1720.849976,1720.849976,0
2019-10-08,1719.609985,1719.609985,1693.189941,1693.280029,1693.280029,0
2019-10-09,1698.650024,1713.859985,1698.650024,1708.219971,1708.219971,0
2019-10-10,1708.459961,1724.300049,1707.420044,1718.369995,1718.369995,0
2019-10-11,1720.020020,1751.750000,1720.020020,1738.619995,1738.619995,0
2019-10-14,1736.540039,1739.099976,1733.920044,1735.819946,1735.819946,0
2019-10-15,1738.780029,1757.270020,1738.780029,1752.959961,1752.959961,0
2019-10-16,1751.530029,1753.469971,1746.290039,1748.900024,1748.900024,0
2019-10-17,1754.099976,1760.229980,1751.650024,1755.150024,1755.150024,0
2019-10-18,1754.729980,1755.510010,1741.520020,1748.069946,1748.069946,0
2019-10-21,1750.780029,1760.369995,1750.780029,1759.739990,1759.739990,0
2019-10-22,1760.800049,1764.270020,1753.420044,1753.849976,1753.849976,0
2019-10-23,1752.329956,1758.489990,1750.849976,1758.390015,1758.390015,0
2019-10-24,1763.760010,1765.890015,1756.599976,1759.130005,1759.130005,0
2019-10-25,1759.010010,1773.170044,1758.810059,1770.319946,1770.319946,0
2019-10-28,1773.670044,1783.599976,1773.670044,1780.650024,1780.650024,0
2019-10-29,1779.630005,1785.260010,1777.579956,1779.619995,1779.619995,0
2019-10-30,1780.219971,1786.250000,1773.939941,1784.630005,1784.630005,0
2019-10-31,1784.109985,1784.150024,1769.829956,1778.199951,1778.199951,0
2019-11-01,1784.349976,1796.770020,1784.349976,1796.770020,1796.770020,0
2019-11-04,1802.150024,1807.250000,1801.459961,1803.439941,1803.439941,0
2019-11-05,1803.839966,1807.500000,1800.339966,1801.510010,1801.510010,0
2019-11-06,1801.520020,1801.849976,1795.630005,1801.349976,1801.349976,0
2019-11-07,1806.079956,1813.670044,1803.489990,1806.319946,1806.319946,0
2019-11-08,1804.920044,1811.449951,1800.089966,1811.449951,1811.449951,0
2019-11-11,1806.680054,1809.099976,1801.400024,1808.479980,1808.479980,0
2019-11-12,1809.420044,1817.609985,1807.489990,1811.050049,1811.050049,0
2019-11-13,1807.260010,1814.170044,1803.319946,1811.760010,1811.760010,0
2019-11-14,1809.569946,1814.219971,1806.589966,1813.400024,1813.400024,0
2019-11-15,1816.569946,1827.109985,1816.569946,1827.109985,1827.109985,0
2019-11-18,1825.900024,1828.910034,1822.199951,1827.709961,1827.709961,0
2019-11-19,1829.469971,1831.319946,1823.510010,1827.890015,1827.890015,0
2019-11-20,1825.150024,1828.219971,1811.780029,1821.750000,1821.750000,0
2019-11-21,1822.130005,1822.500000,1813.680054,1817.880005,1817.880005,0
2019-11-22,1820.739990,1823.250000,1815.500000,1821.989990,1821.989990,0
2019-11-25,1825.560059,1838.030029,1825.560059,1837.920044,1837.920044,0
2019-11-26,null,null,null,null,null,null
2019-11-27,1844.180054,1850.459961,1844.180054,1850.219971,1850.219971,0
2019-11-29,1847.900024,1847.969971,1841.229980,1842.050049,1842.050049,0
2019-12-02,1842.989990,1843.910034,1824.239990,1825.530029,1825.530029,0
2019-12-03,1822.780029,1822.780029,1800.890015,1814.410034,1814.410034,0
2019-12-04,1817.630005,1829.489990,1817.630005,1825.479980,1825.479980,0
2019-12-05,1827.510010,1829.239990,1820.520020,1827.760010,1827.760010,0
2019-12-06,1831.020020,1847.369995,1831.020020,1844.439941,1844.439941,0
2019-12-09,1842.430054,1845.939941,1838.560059,1838.569946,1838.569946,0
2019-12-10,1838.579956,1841.869995,1833.689941,1836.729980,1836.729980,0
2019-12-11,1838.250000,1842.510010,1836.489990,1841.250000,1841.250000,0
2019-12-12,1840.910034,1861.060059,1839.439941,1856.280029,1856.280029,0
2019-12-13,1855.619995,1864.300049,1848.780029,1855.750000,1855.750000,0
2019-12-16,1862.780029,1873.479980,1862.780029,1869.310059,1869.310059,0
2019-12-17,1869.959961,1873.020020,1868.920044,1870.479980,1870.479980,0
2019-12-18,1872.020020,1873.949951,1869.810059,1870.290039,1870.290039,0
2019-12-19,1871.069946,1878.660034,1871.069946,1878.650024,1878.650024,0
2019-12-20,1882.079956,1889.920044,1881.619995,1887.819946,1887.819946,0
2019-12-23,1889.489990,1891.459961,1888.550049,1889.469971,1889.469971,0
2019-12-24,1890.479980,1890.979980,1887.780029,1889.630005,1889.630005,0
2019-12-26,1892.130005,1898.329956,1892.130005,1898.239990,1898.239990,0
2019-12-27,1901.510010,1903.050049,1894.109985,1897.239990,1897.239990,0
2019-12-30,1897.250000,1897.609985,1883.609985,1886.660034,1886.660034,0
2019-12-31,1882.849976,1892.719971,1881.449951,1892.250000,1892.250000,0
2020-01-02,1898.469971,1906.650024,1893.540039,1906.500000,1906.500000,0
2020-01-03,1898.089966,1900.459961,1889.489990,1894.530029,1894.530029,0
2020-01-06,1885.390015,1900.989990,1883.300049,1900.900024,1900.900024,0
2020-01-07,1899.050049,1900.219971,1893.150024,1896.010010,1896.010010,0
2020-01-08,1896.880005,1912.890015,1895.989990,1905.020020,1905.020020,0
2020-01-09,1912.510010,1917.459961,1910.819946,1916.709961,1916.709961,0
2020-01-10,1918.339966,1921.260010,1908.810059,1911.280029,1911.280029,0
2020-01-13,1913.939941,1925.219971,1912.790039,1925.219971,1925.219971,0
2020-01-14,1924.300049,1930.449951,1919.869995,1923.630005,1923.630005,0
2020-01-15,1923.489990,1933.290039,1922.380005,1927.329956,1927.329956,0
2020-01-16,1934.310059,1944.369995,1934.310059,1944.239990,1944.239990,0
2020-01-17,1947.459961,1949.959961,1944.569946,1949.869995,1949.869995,0
2020-01-21,1946.939941,1949.729980,1942.130005,1944.329956,1944.329956,0
2020-01-22,1949.199951,1954.670044,1943.989990,1945.040039,1945.040039,0
2020-01-23,1942.280029,1948.180054,1933.040039,1947.130005,1947.130005,0
2020-01-24,1949.489990,1952.099976,1920.780029,1929.119995,1929.119995,0
2020-01-27,1928.109985,1928.109985,1897.780029,1899.619995,1899.619995,0
2020-01-28,1904.099976,1923.839966,1904.099976,1918.660034,1918.660034,0
2020-01-29,1922.619995,1927.810059,1915.979980,1916.530029,1916.530029,0
2020-01-30,1909.880005,1923.290039,1899.160034,1922.250000,1922.250000,0
2020-01-31,1922.849976,1922.849976,1882.020020,1888.030029,1888.030029,0
2020-02-03,1893.729980,1913.489990,1893.729980,1903.630005,1903.630005,0
2020-02-04,1915.819946,1938.829956,1915.819946,1933.079956,1933.079956,0
2020-02-05,1944.010010,1954.219971,1941.000000,1952.670044,1952.670044,0
2020-02-06,1954.880005,1959.630005,1952.670044,1957.770020,1957.770020,0
2020-02-07,1953.709961,1954.229980,1943.140015,1946.349976,1946.349976,0
2020-02-10,1944.189941,1960.500000,1942.140015,1960.489990,1960.489990,0
2020-02-11,1966.339966,1975.119995,1962.560059,1965.180054,1965.180054,0
2020-02-12,1969.920044,1979.030029,1969.920044,1977.989990,1977.989990,0
2020-02-13,1972.829956,1982.089966,1967.449951,1976.219971,1976.219971,0
2020-02-14,1978.069946,1980.130005,1972.030029,1979.520020,1979.520020,0
2020-02-18,1976.369995,1977.119995,1965.859985,1974.670044,1974.670044,0
2020-02-19,1976.609985,1988.760010,1976.609985,1984.260010,1984.260010,0
2020-02-20,1981.819946,1987.089966,1959.680054,1978.550049,1978.550049,0
2020-02-21,1974.579956,1974.579956,1952.640015,1957.640015,1957.640015,0
2020-02-24,1951.280029,1951.280029,1885.859985,1893.000000,1893.000000,0
2020-02-25,1898.250000,1904.000000,1829.569946,1834.589966,1834.589966,0
2020-02-26,1834.859985,1864.280029,1821.089966,1824.739990,1824.739990,0
2020-02-27,1820.819946,1820.819946,1745.079956,1745.709961,1745.709961,0
2020-02-28,1745.319946,1745.319946,1674.660034,1730.310059,1730.310059,0
2020-03-02,1731.079956,1806.079956,1723.839966,1805.709961,1805.709961,0
2020-03-03,1805.650024,1831.390015,1741.339966,1756.959961,1756.959961,0
2020-03-04,1771.819946,1828.489990,1771.819946,1828.130005,1828.130005,0
2020-03-05,1821.689941,1821.689941,1752.140015,1766.369995,1766.369995,0
2020-03-06,1764.729980,1764.729980,1694.400024,1735.010010,1735.010010,0
2020-03-09,1690.339966,1690.339966,1592.780029,1598.849976,1598.849976,0
2020-03-10,1615.380005,1674.680054,1589.619995,1674.569946,1674.569946,0
2020-03-11,1672.319946,1672.319946,1570.079956,1589.489990,1589.489990,0
2020-03-12,1583.969971,1583.969971,1435.310059,1435.939941,1435.939941,0
2020-03-13,1456.050049,1564.709961,1439.089966,1564.709961,1564.709961,0
2020-03-16,1554.250000,1554.250000,1369.239990,1371.969971,1371.969971,0
2020-03-17,1377.939941,1464.750000,1357.670044,1451.410034,1451.410034,0
2020-03-18,1404.140015,1405.109985,1301.709961,1366.619995,1366.619995,0
2020-03-19,1364.060059,1412.619995,1323.760010,1382.839966,1382.839966,0
2020-03-20,1389.520020,1411.319946,1320.170044,1324.800049,1324.800049,0
2020-03-23,1324.260010,1324.260010,1259.729980,1288.040039,1288.040039,0
2020-03-24,1335.910034,1410.729980,1335.910034,1409.880005,1409.880005,0
2020-03-25,1413.459961,1483.849976,1388.969971,1429.250000,1429.250000,0
2020-03-26,1434.260010,1520.859985,1434.260010,1517.569946,1517.569946,0
2020-03-27,1505.520020,1507.680054,1453.510010,1466.359985,1466.359985,0
2020-03-30,1469.859985,1514.839966,1465.859985,1512.390015,1512.390015,0
2020-03-31,1509.579956,1520.310059,1480.050049,1489.569946,1489.569946,0
2020-04-01,1464.520020,1464.520020,1407.630005,1420.270020,1420.270020,0
2020-04-02,1419.699951,1455.680054,1411.260010,1449.520020,1449.520020,0
2020-04-03,1447.989990,1454.589966,1409.000000,1425.069946,1425.069946,0
2020-04-06,1460.369995,1533.869995,1460.369995,1527.209961,1527.209961,0
2020-04-07,1539.329956,1580.680054,1525.579956,1526.540039,1526.540039,0
2020-04-08,1532.560059,1586.760010,1530.060059,1581.130005,1581.130005,0
2020-04-09,1592.640015,1624.930054,1592.229980,1609.069946,1609.069946,0
2020-04-13,1602.910034,1602.910034,1567.459961,1590.319946,1590.319946,0
2020-04-14,1602.260010,1639.969971,1602.260010,1637.829956,1637.829956,0
2020-04-15,1630.020020,1630.020020,1587.520020,1599.479980,1599.479980,0
2020-04-16,1604.719971,1610.579956,1586.979980,1607.030029,1607.030029,0
2020-04-17,1614.500000,1655.719971,1614.500000,1653.160034,1653.160034,0
2020-04-20,1648.849976,1650.729980,1622.979980,1625.069946,1625.069946,0
2020-04-21,1611.650024,1611.650024,1569.380005,1575.500000,1575.500000,0
2020-04-22,1597.719971,1618.369995,1597.680054,1610.540039,1610.540039,0
2020-04-23,1613.359985,1637.959961,1609.729980,1611.459961,1611.459961,0
2020-04-24,1613.229980,1637.729980,1608.109985,1634.119995,1634.119995,0
2020-04-27,1640.250000,1668.719971,1640.250000,1663.349976,1663.349976,0
2020-04-28,1674.069946,1689.780029,1654.920044,1657.170044,1657.170044,0
2020-04-29,1662.670044,1713.920044,1662.670044,1705.319946,1705.319946,0
2020-04-30,1703.800049,1703.800049,1675.719971,1684.949951,1684.949951,0
2020-05-01,1654.739990,1656.770020,1629.260010,1635.589966,1635.589966,0
2020-05-04,1633.770020,1643.579956,1615.859985,1643.199951,1643.199951,0
2020-05-05,1647.560059,1676.939941,1647.560059,1658.609985,1658.609985,0
2020-05-06,1663.540039,1671.810059,1647.849976,1647.920044,1647.920044,0
2020-05-07,1652.060059,1680.739990,1652.060059,1669.089966,1669.089966,0
2020-05-08,1674.369995,1701.150024,1674.369995,1700.520020,1700.520020,0
2020-05-11,1693.319946,1708.880005,1684.439941,1700.030029,1700.030029,0
2020-05-12,1701.719971,1708.739990,1662.550049,1662.810059,1662.810059,0
2020-05-13,1662.660034,1663.040039,1614.959961,1630.369995,1630.369995,0
2020-05-14,1628.540039,1648.729980,1596.089966,1648.609985,1648.609985,0
2020-05-15,1646.969971,1657.510010,1628.719971,1656.810059,1656.810059,0
2020-05-18,1685.290039,1720.859985,1685.290039,1713.069946,1713.069946,0
2020-05-19,1711.790039,1720.219971,1694.589966,1694.890015,1694.890015,0
2020-05-20,1705.560059,1730.069946,1705.560059,1724.969971,1724.969971,0
2020-05-21,1723.400024,1729.079956,1706.160034,1713.729980,1713.729980,0
2020-05-22,1713.770020,1719.319946,1705.449951,1718.660034,1718.660034,0
2020-05-26,null,null,null,null,null,null
2020-05-27,1743.949951,1770.160034,1728.630005,1770.160034,1770.160034,0
2020-05-28,1768.910034,1786.989990,1759.439941,1763.219971,1763.219971,0
2020-05-29,1763.699951,1773.849976,1745.810059,1771.369995,1771.369995,0
2020-06-01,1770.579956,1785.180054,1765.420044,1780.520020,1780.520020,0
2020-06-02,1781.660034,1795.459961,1778.209961,1795.250000,1795.250000,0
2020-06-03,1798.050049,1826.510010,1798.050049,1822.180054,1822.180054,0
2020-06-04,1820.599976,1825.410034,1803.140015,1816.089966,1816.089966,0
2020-06-05,1818.719971,1875.920044,1818.719971,1864.219971,1864.219971,0
2020-06-08,1864.050049,1889.829956,1864.050049,1889.670044,1889.670044,0
2020-06-09,1888.390015,1888.390015,1863.329956,1871.670044,1871.670044,0
2020-06-10,1873.400024,1878.540039,1853.319946,1858.540039,1858.540039,0
2020-06-11,1855.410034,1855.410034,1745.530029,1746.699951,1746.699951,0
2020-06-12,1750.479980,1798.920044,1736.640015,1771.060059,1771.060059,0
2020-06-15,null,null,null,null,null,null
2020-06-16,1796.150024,1840.109985,1795.800049,1822.949951,1822.949951,0
2020-06-17,1824.780029,1831.160034,1812.030029,1814.910034,1814.910034,0
2020-06-18,1814.199951,1819.869995,1803.760010,1812.260010,1812.260010,0
2020-06-19,1818.060059,1837.709961,1798.060059,1806.390015,1806.390015,0
2020-06-22,1806.339966,1819.880005,1795.160034,1818.339966,1818.339966,0
2020-06-23,1819.800049,1838.969971,1819.800049,1825.650024,1825.650024,0
2020-06-24,1824.650024,1824.650024,1765.510010,1776.569946,1776.569946,0
2020-06-25,1776.380005,1798.829956,1761.449951,1797.520020,1797.520020,0
2020-06-26,1796.079956,1796.079956,1752.760010,1754.869995,1754.869995,0
2020-06-29,1756.459961,1781.890015,1749.310059,1781.489990,1781.489990,0
2020-06-30,1781.229980,1815.189941,1778.560059,1809.250000,1809.250000,0
2020-07-01,1810.869995,1824.819946,1809.020020,1817.420044,1817.420044,0
2020-07-02,1820.920044,1847.619995,1820.920044,1825.969971,1825.969971,0
2020-07-06,1827.719971,1857.880005,1827.719971,1854.459961,1854.459961,0
2020-07-07,1854.339966,1857.579956,1832.839966,1833.989990,1833.989990,0
2020-07-08,1835.010010,1850.579956,1829.479980,1849.550049,1849.550049,0
2020-07-09,1850.030029,1854.910034,1816.780029,1838.089966,1838.089966,0
2020-07-10,1837.939941,1858.930054,1829.430054,1858.099976,1858.099976,0
2020-07-13,1863.739990,1887.760010,1833.959961,1836.849976,1836.849976,0
2020-07-14,1835.170044,1863.189941,1821.020020,1861.800049,1861.800049,0
2020-07-15,1863.520020,1888.359985,1863.520020,1883.650024,1883.650024,0
2020-07-16,1877.000000,1878.810059,1866.420044,1876.170044,1876.170044,0
2020-07-17,1876.939941,1887.250000,1870.949951,1882.579956,1882.579956,0
2020-07-20,1882.810059,1902.439941,1878.310059,1899.030029,1899.030029,0
2020-07-21,1901.319946,1914.750000,1897.410034,1902.500000,1902.500000,0
2020-07-22,1902.140015,1914.829956,1901.089966,1913.319946,1913.319946,0
2020-07-23,1913.290039,1917.239990,1882.660034,1891.130005,1891.130005,0
2020-07-24,1889.699951,1889.699951,1868.540039,1877.040039,1877.040039,0
2020-07-27,1877.589966,1893.880005,1877.130005,1893.099976,1893.099976,0
2020-07-28,1892.810059,1895.170044,1878.630005,1879.670044,1879.670044,0
2020-07-29,1881.000000,1908.869995,1881.000000,1905.630005,1905.630005,0
2020-07-30,1904.739990,1904.739990,1874.689941,1899.170044,1899.170044,0
2020-07-31,1902.089966,1911.400024,1880.680054,1909.890015,1909.890015,0
2020-08-03,1917.739990,1930.810059,1917.739990,1926.550049,1926.550049,0
2020-08-04,1926.699951,1933.900024,1921.979980,1933.719971,1933.719971,0
2020-08-05,1935.449951,1949.310059,1935.449951,1948.250000,1948.250000,0
2020-08-06,1947.949951,1959.180054,1942.030029,1958.040039,1958.040039,0
2020-08-07,1955.390015,1960.410034,1945.449951,1959.479980,1959.479980,0
2020-08-10,1960.810059,1965.750000,1950.599976,1963.880005,1963.880005,0
2020-08-11,1964.260010,1976.619995,1944.319946,1948.290039,1948.290039,0
2020-08-12,1950.250000,1978.339966,1950.250000,1974.479980,1974.479980,0
2020-08-13,1973.260010,1980.780029,1966.689941,1972.229980,1972.229980,0
2020-08-14,1971.640015,1975.079956,1965.459961,1971.339966,1971.339966,0
2020-08-17,1972.910034,1981.520020,1972.910034,1979.630005,1979.630005,0
2020-08-18,1981.339966,1986.199951,1971.890015,1982.489990,1982.489990,0
2020-08-19,1983.079956,1988.329956,1971.140015,1973.890015,1973.890015,0
2020-08-20,1972.180054,1983.439941,1961.949951,1980.290039,1980.290039,0
2020-08-21,1980.150024,1986.520020,1976.930054,1984.989990,1984.989990,0
2020-08-24,1991.290039,2004.000000,1991.290039,2003.670044,2003.670044,0
2020-08-25,2005.339966,2010.949951,1999.589966,2010.619995,2010.619995,0
2020-08-26,2011.310059,2031.030029,2010.739990,2029.420044,2029.420044,0
2020-08-27,2029.939941,2043.510010,2024.030029,2033.839966,2033.839966,0
2020-08-28,2039.680054,2048.310059,2035.329956,2047.810059,2047.810059,0
2020-08-31,2047.709961,2053.370117,2039.969971,2045.010010,2045.010010,0
2020-09-01,2045.400024,2062.939941,2042.300049,2062.439941,2062.439941,0
2020-09-02,2062.760010,2093.510010,2062.149902,2089.830078,2089.830078,0
2020-09-03,2062.760010,2093.510010,1999.660034,2014.849976,2014.849976,0
2020-09-04,2014.260010,2029.130005,1950.680054,1997.880005,1997.880005,5673400
2020-09-08,1994.140015,1994.140015,1939.790039,1940.989990,1940.989990,0
2020-09-09,1943.729980,1993.760010,1943.729980,1980.150024,1980.150024,4975100
2020-09-10,1980.300049,1997.910034,1942.500000,1947.540039,1947.540039,0
2020-09-11,1949.540039,1963.550049,1929.390015,1946.979980,1946.979980,0
2020-09-14,1947.790039,1984.260010,1947.790039,1977.219971,1977.219971,0
2020-09-15,1979.510010,1998.479980,1979.510010,1988.410034,1988.410034,0
2020-09-16,1989.869995,2006.660034,1980.979980,1981.530029,1981.530029,0
2020-09-17,1977.329956,1977.329956,1948.030029,1964.599976,1964.599976,0
2020-09-18,1965.550049,1969.420044,1929.030029,1945.719971,1945.719971,0
2020-09-21,1943.040039,1943.040039,1890.750000,1922.290039,1922.290039,0
2020-09-22,1924.089966,1943.810059,1915.239990,1941.209961,1941.209961,0
2020-09-23,1941.079956,1945.199951,1891.790039,1893.680054,1893.680054,0
2020-09-24,1893.189941,1917.579956,1875.060059,1897.839966,1897.839966,0
2020-09-25,1897.880005,1934.310059,1890.709961,1929.699951,1929.699951,0
2020-09-28,1932.089966,1967.089966,1932.089966,1962.160034,1962.160034,0
2020-09-29,1962.060059,1965.660034,1948.810059,1953.050049,1953.050049,0
2020-09-30,1952.849976,1985.609985,1952.849976,1968.089966,1968.089966,0
2020-10-01,1969.369995,1988.449951,1969.369995,1982.839966,1982.839966,0
2020-10-02,1978.390015,1978.390015,1949.489990,1966.369995,1966.369995,0
2020-10-05,1968.599976,2003.430054,1968.599976,2003.319946,2003.319946,0
2020-10-06,2002.859985,2020.010010,1975.079956,1978.300049,1978.300049,0
2020-10-07,1980.750000,2017.199951,1980.750000,2013.439941,2013.439941,0
2020-10-08,2015.699951,2030.030029,2015.699951,2029.890015,2029.890015,0
2020-10-09,2031.469971,2050.530029,2031.469971,2047.359985,2047.359985,0
2020-10-12,2056.340088,2085.610107,2056.340088,2077.679932,2077.679932,0
2020-10-13,2078.239990,2078.239990,2061.050049,2066.540039,2066.540039,0
2020-10-14,2067.000000,2076.570068,2049.179932,2053.250000,2053.250000,0
2020-10-15,2051.270020,2055.159912,2026.310059,2051.989990,2051.989990,0
2020-10-16,2052.600098,2069.110107,2049.870117,2051.060059,2051.060059,0
2020-10-19,2053.739990,2062.760010,2016.050049,2019.510010,2019.510010,0
2020-10-20,2023.199951,2046.689941,2023.199951,2027.260010,2027.260010,0
2020-10-21,2026.040039,2039.040039,2020.030029,2020.359985,2020.359985,0
2020-10-22,2020.479980,2036.979980,2009.859985,2033.079956,2033.079956,0
2020-10-23,2035.869995,2042.319946,2025.420044,2040.890015,2040.890015,0
2020-10-26,2037.229980,2037.229980,1981.180054,2002.739990,2002.739990,0
2020-10-27,2002.979980,2007.089966,1995.209961,1995.969971,1995.969971,0
2020-10-28,1994.079956,1994.079956,1926.949951,1928.010010,1928.010010,0
2020-10-29,1928.040039,1966.540039,1921.739990,1950.130005,1950.130005,0
2020-10-30,1946.479980,1946.479980,1904.780029,1923.699951,1923.699951,0
2020-11-02,1925.109985,1958.290039,1925.109985,1947.630005,1947.630005,0
2020-11-03,1949.900024,1994.969971,1949.900024,1984.780029,1984.780029,0
2020-11-04,1987.489990,2050.370117,1987.489990,2026.550049,2026.550049,0
2020-11-05,2031.089966,2076.350098,2031.089966,2068.459961,2068.459961,0
2020-11-06,2068.250000,2070.830078,2054.760010,2065.669922,2065.669922,0
2020-11-09,2069.129883,2140.320068,2069.129883,2090.360107,2090.360107,0
2020-11-10,2087.719971,2094.870117,2066.360107,2088.879883,2088.879883,0
2020-11-11,2090.239990,2108.750000,2090.239990,2105.149902,2105.149902,0
2020-11-12,2105.090088,2105.090088,2073.229980,2084.020020,2084.020020,0
2020-11-13,2084.840088,2116.810059,2084.840088,2112.379883,2112.379883,0
2020-11-16,2112.729980,2139.250000,2112.729980,2138.510010,2138.510010,0
2020-11-17,2137.770020,2140.530029,2117.870117,2133.100098,2133.100098,0
2020-11-18,2133.520020,2140.550049,2110.820068,2111.050049,2111.050049,0
2020-11-19,2110.449951,2123.580078,2099.639893,2122.370117,2122.370117,0
2020-11-20,2122.010010,2122.050049,2110.760010,2110.899902,2110.899902,0
2020-11-23,2111.419922,2132.939941,2111.419922,2127.199951,2127.199951,0
2020-11-24,2127.790039,2163.909912,2127.790039,2160.580078,2160.580078,0
2020-11-25,2161.169922,2161.659912,2149.570068,2158.969971,2158.969971,4921900
2020-11-27,2159.590088,2168.919922,2159.590088,2166.600098,2166.600098,0
2020-11-30,2166.850098,2166.850098,2137.320068,2154.290039,2154.290039,0
2020-12-01,2155.310059,2185.120117,2155.310059,2176.679932,2176.679932,0
2020-12-02,2176.189941,2180.209961,2162.770020,2179.129883,2179.129883,0
2020-12-03,2179.449951,2190.810059,2176.620117,2181.570068,2181.570068,0
2020-12-04,2182.139893,2204.129883,2182.139893,2204.090088,2204.090088,0
2020-12-07,2203.850098,2204.889893,2195.209961,2202.149902,2202.149902,0
2020-12-08,2202.639893,2214.139893,2194.379883,2210.939941,2210.939941,0
2020-12-09,2211.080078,2217.649902,2181.729980,2190.520020,2190.520020,0
2020-12-10,2188.889893,2197.000000,2173.310059,2193.510010,2193.510010,0
2020-12-11,2192.949951,2192.949951,2171.189941,2189.510010,2189.510010,4890200
2020-12-14,2190.090088,2211.260010,2182.600098,2182.830078,2182.830078,0
2020-12-15,2183.969971,2212.750000,2183.969971,2212.489990,2212.489990,0
2020-12-16,2212.800049,2220.770020,2208.889893,2215.179932,2215.179932,0
2020-12-17,2216.030029,2232.169922,2216.030029,2232.169922,2232.169922,0
2020-12-18,2232.449951,2236.459961,2211.860107,2227.000000,2227.000000,0
2020-12-21,2224.739990,2224.739990,2184.800049,2220.100098,2220.100098,0
2020-12-22,2220.120117,2225.419922,2212.179932,2220.370117,2220.370117,0
2020-12-23,2220.820068,2234.050049,2220.820068,2222.649902,2222.649902,0
2020-12-24,2226.149902,2229.050049,2220.989990,2228.629883,2228.629883,1923800
2020-12-28,2234.790039,2246.139893,2234.790039,2240.850098,2240.850098,0
2020-12-29,2241.850098,2252.760010,2228.590088,2232.010010,2232.010010,0
2020-12-30,2234.629883,2244.760010,2234.629883,2237.760010,2237.760010,0